year,sucid_in_hundredk
1985,134.47
1986,152.9
1987,144.98
1988,146.24
1989,138.93
1990,134.9
1991,119.24
1992,126.86
1993,134.77
1994,122.05
1995,52.91
1996,118.03
1997,111.4
1998,54.29
1999,117.19
2000,131.39
2001,69.96
2002,98.11
2003,99.53999999999999
2004,92.81
2005,90.75
2006,88.54
2007,118.35
2008,118.11
2009,107.32
2010,79.89
2011,79.49000000000001
2012,87.14
2013,79.39
2014,111.35
2015,112.13000000000001
