year,sucid_in_hundredk
1985,384.81
1986,401.8
1987,405.88
1988,357.64
1989,359.32
1990,353.78000000000003
1991,355.47
1992,341.74
1993,347.96
1994,343.62
1995,223.14
1996,218.71
1997,196.22
1998,187.60999999999999
1999,145.76
2000,289.77
2001,261.90999999999997
2002,276.92
2003,257.06
2004,120.48
2005,113.89999999999999
2006,140.52
2007,141.85
2008,129.89999999999998
2009,133.92
2010,207.55
2011,211.49
2012,206.63
2013,212.12
2014,209.82
2015,194.62
2016,183.23
