year,sucid_in_hundredk
1985,163.41
1986,175.79
1987,188.82
1988,179.32000000000002
1989,168.11
1990,172.35
1991,180.15
1992,170.64000000000001
1993,154.95
1994,167.75
1995,155.19
1996,175.34
1997,186.93
1998,176.41
1999,167.15
2000,157.82
2001,158.79
2002,144.68
2003,133.84
2004,133.76
2006,127.89
2007,130.25
2008,130.49
2009,130.12
2010,132.64000000000001
2011,133.22
2012,139.57
2013,138.78
2014,149.07
2015,154.18
