year,sucid_in_hundredk
1985,332.03999999999996
1986,314.69
1987,327.76
1988,283.8
1989,284.84999999999997
1990,277.11
1991,264.02
1992,265.88
1993,300.47
1994,300.4
1995,285.9
1996,267.53999999999996
1997,284.74
1998,264.74
1999,171.97
2000,267.8
2001,261.22
2002,247.85999999999999
2003,248.73
2004,231.06
2005,231.75
2006,214.9
2007,208.57
2008,221.54
2009,218.35000000000002
2010,220.18
2011,226.70999999999998
2012,217.13
2013,201.55
2014,201.85
2015,196.66
