year,sucid_in_hundredk
1985,59.18
1986,57.16
1987,70.12
1988,65.36
1989,64.02
1990,67.06
1991,68.34
1992,64.92
1993,67.86
1994,71.51
1995,75.24
1996,73.33
1997,76.80000000000001
1998,75.05
1999,67.64999999999999
2000,68.23
2001,73.49
2002,69.77
2003,68.07
2004,70.22
2005,73.6
2006,69.9
2007,71.68
2008,72.21
2009,70.37
2010,72.73
2011,72.41
2012,74.45
2013,73.41
2014,58.5
2015,62.25
