year,sucid_in_hundredk
1985,303.12
1986,275.48
1987,308.4
1988,292.49
1989,292.19
1990,256.43
1991,268.94
1992,310.6
1993,278.36
1994,288.39
1995,277.85
1996,296.2
1997,276.36
1998,304.61
1999,58.25
2000,259.22
2001,160.61
2002,156.19
2003,126.61
2004,115.24
2005,84.71000000000001
2006,80.12
2007,103.61
2008,109.97999999999999
2009,100.46
2010,97.24
2011,90.32000000000001
2012,102.98
2013,84.64
2014,139.77
