year,sucid_in_hundredk
1985,108.91
1986,90.94
1987,89.42
1988,94.9
1989,100.44
1990,91.86
1991,98.83
1992,78.88
1993,103.18
1994,95.33999999999999
1995,108.91
1996,95.71000000000001
1997,100.13
1998,109.77
1999,79.31
2000,108.52
2001,147.58
2002,149.28
2003,153.54
2004,155.69
2005,147.43
2006,155.06
2007,150.92000000000002
2008,167.88
2009,174.3
2010,162.88
2011,160.84
2012,148.41
2013,134.52
2014,137.37
2015,147.68
