year,sucid_in_hundredk
1985,62.56
1986,50.11
1987,45.17
1988,50.64
1989,41.69
1990,43.43
1991,43.57
1992,49.48
1993,49.23
1994,55.95
1995,49.64
1996,53.17
1997,52.77
1998,81.68
1999,84.1
2000,89.78
2001,88.27
2002,81.38
2003,79.85
2004,84.25
2005,74.84
2006,78.41
2007,74.25
2008,74.22
2009,73.83
2010,67.24
2011,62.879999999999995
2012,66.45
2013,63.53
2014,66.62
2015,70.39999999999999
