year,sucid_in_hundredk
1992,369.71
1993,392.92999999999995
1994,363.31
1995,352.76
1996,316.23
1997,317.4
1998,326.98
1999,306.12
2000,272.77
2001,244.51
2002,240.42000000000002
2003,221.12
2004,216.12
2005,205.94
2006,202.55
2007,188.17999999999998
2008,190.99
2009,201.32999999999998
2010,202.13
2011,207.05
2012,204.0
2013,116.84
2014,184.63
2015,194.31
