year,sucid_in_hundredk
1990,314.21999999999997
1991,292.01
1992,303.21
1993,297.64
1994,293.28
1995,176.87
1996,154.42000000000002
1997,160.32
1998,153.5
1999,151.88
2000,153.72
2001,146.86
2002,140.95000000000002
2003,156.78
2004,144.97
2005,140.93
2006,122.16
2007,123.18
2008,116.9
2009,123.52
2010,175.62
2011,186.23999999999998
2012,196.23
2013,186.07
2014,175.29
2015,170.87
2016,161.76
