year,sucid_in_hundredk
1994,253.22
1995,239.13
1996,229.56
1997,218.45999999999998
1998,134.51
1999,136.49
2000,129.07
2001,127.45
2002,176.51
2003,156.7
2004,161.78
2005,164.23
2006,162.07999999999998
2007,99.63
2008,101.11
2009,144.7
2010,130.02
2011,126.33
2012,143.21
2013,134.55
2014,137.73
2015,121.42
