year,sucid_in_hundredk
1987,347.35
1988,354.04
1989,373.36
1990,396.22
1991,377.58
1992,349.87
1993,333.0
1994,330.24
1995,324.96
1996,289.65
1997,310.35
1998,235.54000000000002
1999,283.11
2000,265.65
2001,267.19
2002,255.52
2003,243.45
2004,243.95000000000002
2005,230.52
2006,233.8
2007,223.07999999999998
2008,220.29
2009,228.48999999999998
2010,215.21
2011,203.61
2012,187.01
2013,196.82999999999998
2014,177.16
2015,161.19
