year,sucid_in_hundredk
1985,348.9
1986,351.77
1987,331.03
1988,312.72
1989,312.53
1990,302.73
1991,298.1
1992,301.47
1993,312.69
1994,299.95
1995,292.62
1996,76.24000000000001
1997,266.33
1998,253.65
1999,245.82999999999998
2000,257.23
2001,239.94
2002,238.64000000000001
2003,241.31
2004,232.51000000000002
2005,232.09000000000003
2006,220.63
2007,79.1
2008,216.20999999999998
2009,216.24
2010,211.17000000000002
2011,211.18
2012,198.98
2013,192.33
2014,120.56
