year,sucid_in_hundredk
1990,259.45000000000005
1991,258.11
1992,250.04000000000002
1993,235.5
1994,230.79
1995,150.32
1996,216.42000000000002
1997,210.96
1998,200.51
1999,189.24
2000,185.55
2001,185.78
2002,183.95999999999998
2003,181.24
2004,66.3
2005,62.12
2006,152.52
2007,146.52
2008,145.52
2009,39.92
2010,152.17000000000002
2011,152.82
2012,148.31
2013,153.07999999999998
2014,104.31
2015,100.76
