year,sucid_in_hundredk
1991,575.0
1992,570.26
1993,539.28
1994,535.81
1995,493.42
1996,338.51
1997,470.44
1998,311.12
1999,483.88
2000,269.02
2001,274.59000000000003
2002,382.75
2003,372.03999999999996
2004,369.46999999999997
2005,352.01
2006,222.79999999999998
2007,217.98000000000002
2008,219.12
2009,220.18
2010,219.74
2011,216.34
2012,205.86
2013,180.62
2014,244.31
2015,257.27
2016,241.34
