year,sucid_in_hundredk
1985,171.05
1986,215.1
1987,209.94
1988,167.98000000000002
1989,110.12
1990,180.31
1991,199.73000000000002
1992,122.89
1993,109.02
1994,125.44
1995,129.66
1996,177.35
1997,164.02
1998,141.09
1999,128.92
2000,85.81
2001,163.06
2002,131.24
2003,100.97
2004,124.17
2005,115.0
2006,106.39
2007,163.29
2008,136.09
2009,123.73
2010,184.26999999999998
2011,92.95
2012,145.41
2013,161.49
2014,139.07
2015,140.65
2016,138.07
