year,sucid_in_hundredk
1985,102.16
1986,104.88
1987,95.42
1988,113.24
1989,110.56
1990,125.68
1991,126.53
1992,137.87
1993,117.14999999999999
1994,142.82
1995,143.84
1996,145.54
1997,156.15
1998,162.17
1999,141.22
2000,142.36
2001,148.97
2002,135.82
2003,134.77
2004,129.42000000000002
2005,121.11
2006,126.46000000000001
2007,121.77
2008,129.56
2009,132.63
2010,120.3
2011,138.58
2012,137.66
2013,117.41
2014,119.68
