year,sucid_in_hundredk
1985,112.03
1986,130.28
1987,133.61
1988,124.16
1989,170.32
1990,122.26
1991,139.34
1992,130.95
1993,137.23
1994,149.89
1995,90.27000000000001
1996,69.97
1997,82.54
1998,68.2
1999,73.57000000000001
2000,73.28
2001,74.89
2002,93.49
2003,97.17
2004,98.44
2005,102.91
2006,80.52
2007,73.67
2008,55.510000000000005
2009,80.32
2010,99.47
2011,87.41
2012,83.78999999999999
2013,74.21
2014,71.26
2015,65.91
