year,sucid_in_hundredk
1985,133.4
1986,131.05
1987,125.54
1988,121.81
1989,116.64
1990,121.98
1991,115.87
1992,115.47999999999999
1993,121.14
1994,118.92999999999999
1995,118.00999999999999
1996,115.45
1997,117.04
1998,113.84
1999,99.72
2000,99.22
2001,95.87
2002,94.61
2003,94.42
2004,91.33
2005,56.269999999999996
2006,52.35
2007,53.61
2008,81.69
2009,81.92999999999999
2010,55.02
2011,57.48
2012,85.45
2013,84.86
2014,82.13
2015,78.45
