year,sucid_in_hundredk
1985,90.52
1986,323.55
1987,295.28999999999996
1988,251.43
1989,263.42
1990,246.37
1991,234.51
1992,240.28
1993,172.33
1994,173.86
1995,91.43
1996,90.13
1997,92.32000000000001
1998,185.14
1999,204.07
2000,247.52
2001,267.16
2002,265.84
2003,279.40999999999997
2004,266.25
2005,266.89
2006,262.24
2007,268.76
2008,265.32
2009,266.69
2010,255.48
2011,252.41
2012,233.7
2013,42.17
2014,218.21
2015,206.04000000000002
