year,sucid_in_hundredk
1985,38.17
1986,45.74
1987,41.43
1988,42.22
1989,48.260000000000005
1990,48.849999999999994
1991,47.69
1992,52.07
1993,52.0
1994,55.92
1995,59.09
1996,56.33
1997,57.07
1998,56.84
1999,54.89
2000,54.89
2001,63.3
2002,58.36
2003,63.0
2004,34.0
2005,62.22
2006,59.22
2007,58.010000000000005
2008,60.83
2009,64.14
2010,61.01
2011,65.52
2012,63.43
2013,64.99
2014,68.38
2015,66.57
