year,sucid_in_hundredk
1985,159.89000000000001
1986,158.28
1987,157.17000000000002
1988,147.6
1989,136.01
1990,136.17000000000002
1991,150.49
1992,143.49
1993,135.98
1994,136.96
1995,125.02
1996,101.5
1997,102.56
1998,96.97
1999,96.06
2000,118.99
2001,116.3
2002,119.73
2003,113.33
2004,111.16
2005,113.28
2006,113.19
2007,97.44
2008,102.09
2009,108.3
2010,109.49000000000001
2011,113.08
2012,118.51
2013,125.53
2014,121.42
2015,126.93
2016,127.39
