year,sucid_in_hundredk
1985,153.64
1986,178.67
1987,210.52
1988,205.03
1989,190.62
1990,186.57
1991,175.48
1992,183.59
1993,163.98000000000002
1994,198.63
1995,199.42000000000002
1996,195.13
1997,198.28
1998,201.07
1999,176.8
2000,157.54
2001,179.9
2002,152.03
2003,172.35
2004,163.41
2005,157.93
2006,156.74
2007,148.19
2008,151.78
2009,153.0
2010,152.62
2011,142.82
2012,158.03
2013,144.55
