year,sucid_in_hundredk
1986,163.62
1987,191.56
1988,208.5
1989,197.89
1990,191.31
1991,194.82
1992,181.64000000000001
1993,178.05
1994,150.53
1995,156.35
1996,153.93
1997,158.61
1998,153.66
1999,163.33
2000,150.32999999999998
2001,154.29
2002,141.0
2003,138.07999999999998
2004,141.37
2005,142.09
2006,142.67000000000002
2007,127.77
2008,132.03
2009,145.74
2010,136.43
2011,146.49
2012,126.0
2013,127.01
2014,127.22999999999999
2015,136.43
