year,sucid_in_hundredk
1985,164.82
1986,165.53
1987,171.32999999999998
1988,137.75
1989,130.32
1990,150.21
1991,165.16
1992,148.3
1993,125.83
1994,123.82000000000001
1995,128.93
1996,115.77000000000001
1997,102.18
1998,87.06
1999,89.46
2000,85.88
2001,115.73
2002,104.2
2003,97.24
2007,80.67
2008,81.3
2009,80.48
2010,82.72
2011,76.04
2012,79.79
2013,79.56
2014,153.89000000000001
