year,sucid_in_hundredk
1989,398.82
1990,399.17
1991,396.4
1992,208.65
1993,195.18
1994,203.07999999999998
1996,123.77
1997,122.53
1998,118.38000000000001
1999,25.5
2000,24.9
2001,26.02
2002,200.19
2003,185.35
2007,21.669999999999998
2008,20.63
2011,154.6
2012,146.81
2013,142.58
2014,171.28
2015,96.58
