year,sucid_in_hundredk
1985,114.93
1986,119.83
1987,122.14
1988,127.28
1989,126.49000000000001
1990,129.24
1991,121.84
1992,119.01
1993,120.85000000000001
1994,124.32000000000001
1995,123.81
1996,126.53
1997,131.32
1998,124.04
1999,75.13
2000,77.26
2001,71.37
2002,73.12
2003,116.49
2004,112.63000000000001
2005,107.66
2006,99.86999999999999
2007,98.95
2008,98.52
2009,63.88
2010,56.04
2011,56.22
2012,48.89
2013,54.16
2014,104.35000000000001
2015,97.38000000000001
