year,sucid_in_hundredk
1987,230.91
1988,231.67000000000002
1989,238.33999999999997
1990,222.05
1991,217.54
1992,200.78
1993,200.97
1994,195.69
1995,191.72
1996,178.24
1997,167.19
1998,175.8
1999,172.64
2000,162.5
2001,167.49
2002,162.71
2003,153.41
2004,157.41
2005,164.62
2006,160.76
2007,147.39000000000001
2008,155.68
2009,160.4
2010,146.54
2011,141.77
2012,148.10999999999999
2013,158.20000000000002
2014,149.05
2015,149.3
2016,138.84
