year,sucid_in_hundredk
1985,82.53999999999999
1986,71.91
1987,81.82000000000001
1990,95.92
1991,86.46000000000001
1992,83.1
1994,56.27
1995,93.52000000000001
1996,93.05
1997,86.37
1998,99.56
1999,109.03
2000,86.28999999999999
2002,98.04
2003,91.16
2004,86.06
2005,77.99
2006,69.03999999999999
2007,79.14
2008,78.18
2009,78.56
2010,80.5
2011,43.57
2012,48.9
2013,46.65
2014,76.96000000000001
2015,81.15
2016,77.32
