year,sucid_in_hundredk
1987,173.61
1988,162.45
1989,135.33
1990,172.01
1991,126.94
1992,111.85
1993,115.42999999999999
1994,116.92
1995,90.44
1996,103.64
1997,100.97
1998,136.5
1999,145.06
2000,112.13
2001,133.46
2002,115.43
2003,107.02000000000001
2004,112.8
2005,134.19
2006,143.84
2007,96.69
2008,117.58
2009,42.54
2010,45.75
2011,31.63
2012,30.6
2013,23.29
2014,28.15
2015,28.48
