year,sucid_in_hundredk
1987,294.04
1988,286.72
1989,316.32
1990,296.7
1991,297.91
1992,322.49
1993,352.11
1994,310.72
1995,14.209999999999999
1996,403.42
1997,395.67
1998,390.15000000000003
1999,94.78999999999999
2000,95.8
2001,13.08
2002,12.76
2003,12.41
2004,29.86
2005,28.86
2006,27.13
2007,281.12
2008,274.5
2009,279.26
2010,263.07
2011,264.0
2012,268.47
2014,250.5
2015,244.71999999999997
